abilities,against_bug,against_dark,against_dragon,against_electric,against_fairy,against_fight,against_fire,against_flying,against_ghost,against_grass,against_ground,against_ice,against_normal,against_poison,against_psychic,against_rock,against_steel,against_water,attack,base_egg_steps,base_happiness,base_total,capture_rate,classfication,defense,experience_growth,height_m,hp,name,percentage_male,pokedex_number,sp_attack,sp_defense,speed,type1,type2,weight_kg,generation,is_legendary
['Beast Boost'],1,1,0.5,0.5,0.5,2,4,1,1,0.25,1,1,0.5,0,0.5,0.5,0.5,0.5,181,30720,0,570,255,Drawn Sword Pokémon,131,1250000,0.3,59,Kartana,,798,59,31,109,grass,steel,0.1,7,1
['Schooling'],1,1,1,2,1,1,0.5,1,1,2,1,0.5,1,1,1,1,0.5,0.5,140,3840,70,620,60,Small Fry Pokémon,130,800000,0.2,45,Wishiwashi,50,746,140,135,30,water,,0.3,7,0
"['Chlorophyll', 'Leaf Guard', 'Infiltrator']",1,1,1,1,1,0.5,2,2,1,0.25,0,4,1,2,1,2,1,0.5,35,5120,70,250,255,Cottonweed Pokémon,40,1059860,0.4,35,Hoppip,50,187,35,55,50,grass,flying,0.5,2,0
"['Prankster', 'Infiltrator', 'Chlorophyll']",1,0.5,0,0.5,1,0.5,2,2,1,0.5,0.5,2,1,4,1,1,2,0.5,27,5120,70,280,190,Cotton Puff Pokémon,60,1000000,0.3,40,Cottonee,50,546,37,50,66,grass,fairy,0.6,5,0
"['Chlorophyll', 'Leaf Guard', 'Infiltrator']",1,1,1,1,1,0.5,2,2,1,0.25,0,4,1,2,1,2,1,0.5,45,5120,70,340,120,Cottonweed Pokémon,50,1059860,0.6,55,Skiploom,50,188,45,65,80,grass,flying,1,2,0
"['Effect Spore', 'Regenerator']",1,1,1,0.5,0.5,0.5,2,2,1,0.25,1,2,1,1,2,1,1,0.5,55,5120,70,294,190,Mushroom Pokémon,45,1000000,0.2,69,Foongus,50,590,55,55,15,grass,poison,1,5,0
"['Natural Cure', 'Poison Point', 'Leaf Guard']",1,1,1,0.5,0.5,0.5,2,2,1,0.25,1,2,1,1,2,1,1,0.5,30,5120,70,280,255,Bud Pokémon,35,1059860,0.2,40,Budew,50,406,50,70,55,grass,poison,1.2,4,0
"['Innards Out', 'Unaware']",1,1,1,2,1,1,0.5,1,1,2,1,0.5,1,1,1,1,0.5,0.5,60,3840,70,410,60,Sea Cucumber Pokémon,130,800000,0.3,55,Pyukumuku,50,771,30,130,5,water,,1.2,7,0
['Hydration'],1,1,1,2,1,1,0.5,1,1,2,1,0.5,1,1,1,1,0.5,0.5,100,2560,70,600,3,Seafaring Pokémon,100,1250000,0.3,100,Manaphy,,490,100,100,100,water,,1.4,4,1
"['Overgrow', 'Long Reach']",1,1,1,1,1,0.5,2,2,1,0.25,0,4,1,2,1,2,1,0.5,55,3840,70,320,45,Grass Quill Pokémon,55,1059860,0.3,68,Rowlet,88.1,722,50,50,42,grass,flying,1.5,7,0
"['Leaf Guard', 'Contrary']",2,1,1,0.5,1,1,2,2,1,0.5,0.5,2,1,2,1,1,1,0.5,55,5120,70,250,190,Sickle Grass Pokémon,35,1000000,0.3,40,Fomantis,50,753,50,35,35,grass,,1.5,7,0
"['Illuminate', 'Effect Spore', 'Rain Dish']",1,0.5,0,0.5,1,0.5,2,2,1,0.5,0.5,2,1,4,1,1,2,0.5,35,5120,70,285,190,Illuminating Pokémon,55,1000000,0.2,40,Morelull,50,755,65,75,15,grass,fairy,1.5,7,0
"['Chlorophyll', 'Solar Power', 'Early Bird']",2,1,1,0.5,1,1,2,2,1,0.5,0.5,2,1,2,1,1,1,0.5,30,5120,70,180,235,Seed Pokémon,30,1059860,0.3,30,Sunkern,50,191,30,30,30,grass,,1.8,2,0
"['Oblivious', 'Anticipation', 'Hydration']",1,1,1,0,1,1,0.5,1,1,4,1,1,1,0.5,1,0.5,0.5,1,48,5120,70,288,190,Whiskers Pokémon,43,1000000,0.4,50,Barboach,50,339,46,41,60,water,ground,1.9,3,0
"['Natural Cure', 'Poison Point', 'Leaf Guard']",1,1,1,0.5,0.5,0.5,2,2,1,0.25,1,2,1,1,2,1,1,0.5,60,5120,70,400,150,Thorn Pokémon,45,1059860,0.3,50,Roselia,50,315,100,80,65,grass,poison,2,3,0
"['Natural Cure', 'Serene Grace']",2,1,1,0.5,1,1,2,2,1,0.5,0.5,2,1,2,1,1,1,0.5,103,30720,100,600,45,Gratitude Pokémon,75,1059860,0.2,100,Shaymin,,492,120,75,127,grass,grass,2.1,4,1
"['Chlorophyll', 'Harvest']",4,2,1,0.5,1,0.5,2,2,2,0.5,0.5,2,1,2,0.5,1,1,0.5,40,5120,70,325,90,Egg Pokémon,80,1250000,0.4,60,Exeggcute,50,102,60,45,40,grass,psychic,2.5,1,0
"['Blaze', 'Speed Boost']",0.5,1,1,1,0.5,1,0.5,1,1,0.5,2,0.5,1,1,1,2,0.5,2,60,5120,70,310,45,Chick Pokémon,40,1059860,0.4,45,Torchic,88.1,255,70,50,45,fire,,2.5,3,0
"['Swift Swim', 'Rain Dish', 'Own Tempo']",2,1,1,1,1,1,1,2,1,1,0.5,1,1,2,1,1,0.5,0.25,30,3840,70,220,255,Water Weed Pokémon,30,1059860,0.5,40,Lotad,50,270,40,50,30,water,grass,2.6,3,0
"['Chlorophyll', 'Leaf Guard', 'Infiltrator']",1,1,1,1,1,0.5,2,2,1,0.25,0,4,1,2,1,2,1,0.5,55,5120,70,460,45,Cottonweed Pokémon,70,1059860,0.8,75,Jumpluff,50,189,55,95,110,grass,flying,3,2,0
['Hydration'],1,1,1,2,1,1,0.5,1,1,2,1,0.5,1,1,1,1,0.5,0.5,80,10240,70,480,30,Sea Drifter Pokémon,80,1250000,0.4,80,Phione,,489,80,80,80,water,,3.1,4,0
"['Leaf Guard', 'Oblivious', 'Sweet Veil']",2,1,1,0.5,1,1,2,2,1,0.5,0.5,2,1,2,1,1,1,0.5,30,5120,70,210,235,Fruit Pokémon,38,1059860,0.3,42,Bounsweet,0,761,30,38,32,grass,,3.2,7,0
['Chlorophyll'],2,1,1,0.5,1,1,2,2,1,0.5,0.5,2,1,2,1,1,1,0.5,35,5120,70,275,190,Cherry Pokémon,45,1000000,0.4,45,Cherubi,50,420,62,53,35,grass,,3.3,4,0
['Dancer'],0.25,1,1,2,0.5,0.5,0.5,1,1,0.25,0,1,1,1,1,4,0.5,2,70,5120,70,476,45,Dancing Pokémon,70,1000000,0.6,75,Oricorio,24.6,741,98,70,93,fire,flying,3.4,7,0
"['Poison Point', 'Swift Swim', 'Intimidate']",0.5,1,1,2,0.5,0.5,0.5,1,1,1,2,0.5,1,0.5,2,1,0.5,0.5,95,5120,70,440,45,Balloon Pokémon,85,1000000,0.5,65,Qwilfish,50,211,55,55,85,water,poison,3.9,2,0
"['Chlorophyll', 'Gluttony']",1,1,1,0.5,0.5,0.5,2,2,1,0.25,1,2,1,1,2,1,1,0.5,75,5120,70,300,255,Flower Pokémon,35,1059860,0.7,50,Bellsprout,50,69,70,30,40,grass,poison,4,1,0
"['Shell Armor', 'Skill Link', 'Overcoat']",1,1,1,2,1,1,0.5,1,1,2,1,0.5,1,1,1,1,0.5,0.5,65,5120,70,305,190,Bivalve Pokémon,100,1250000,0.3,30,Shellder,50,90,45,25,40,water,,4,1,0
"['Chlorophyll', 'Early Bird', 'Pickpocket']",2,1,1,0.5,1,1,2,2,1,0.5,0.5,2,1,2,1,1,1,0.5,40,3840,70,220,255,Acorn Pokémon,50,1059860,0.5,40,Seedot,50,273,30,30,30,grass,,4,3,0
"['Water Bubble', 'Water Absorb']",1,1,1,2,1,0.5,1,2,1,1,0.5,0.5,1,1,1,2,0.5,0.5,40,3840,70,269,200,Water Bubble Pokémon,52,1000000,0.3,38,Dewpider,50,751,40,72,27,water,bug,4,7,0
"['Blaze', 'Intimidate']",0.5,1,1,1,0.5,1,0.5,1,1,0.5,2,0.5,1,1,1,2,0.5,2,65,3840,70,320,45,Fire Cat Pokémon,40,1059860,0.4,45,Litten,88.1,725,60,40,70,fire,,4.3,7,0
"['Effect Spore', 'Poison Heal', 'Quick Feet']",2,1,1,0.5,1,1,2,2,1,0.5,0.5,2,1,2,1,1,1,0.5,40,3840,70,295,255,Mushroom Pokémon,60,1640000,0.4,60,Shroomish,50,285,40,60,35,grass,,4.5,3,0
"['Swift Swim', 'Hydration', 'Water Absorb']",1,1,1,2,1,1,0.5,1,1,2,1,0.5,1,1,1,1,0.5,0.5,50,5120,70,294,255,Tadpole Pokémon,40,1059860,0.5,50,Tympole,50,535,50,40,64,water,,4.5,5,0
"['Hustle', 'Natural Cure', 'Regenerator']",1,1,1,2,1,2,0.25,0.5,1,4,2,0.5,0.5,0.5,1,1,1,1,55,5120,70,410,60,Coral Pokémon,95,800000,0.6,65,Corsola,24.6,222,65,95,35,water,rock,5,2,0
"['Overgrow', 'Unburden']",2,1,1,0.5,1,1,2,2,1,0.5,0.5,2,1,2,1,1,1,0.5,45,5120,70,310,45,Wood Gecko Pokémon,35,1059860,0.5,40,Treecko,88.1,252,65,55,70,grass,,5,3,0
"['Torrent', 'Defiant']",1,1,1,2,1,1,0.5,1,1,2,1,0.5,1,1,1,1,0.5,0.5,51,5120,70,314,45,Penguin Pokémon,53,1059860,0.4,53,Piplup,88.1,393,61,56,40,water,,5.2,4,0
"['Chlorophyll', 'Run Away']",1,1,1,0.5,0.5,0.5,2,2,1,0.25,1,2,1,1,2,1,1,0.5,50,5120,70,320,255,Weed Pokémon,55,1059860,0.5,45,Oddish,50,43,75,65,30,grass,poison,5.4,1,0
"['Keen Eye', 'Big Pecks', 'Hydration']",0.5,1,1,4,1,0.5,0.5,1,1,1,0,1,1,1,1,2,0.5,0.5,44,5120,70,305,190,Water Bird Pokémon,50,1000000,0.5,62,Ducklett,50,580,44,50,55,water,flying,5.5,5,0
"['Chlorophyll', 'Healer']",2,1,1,0.5,1,1,2,2,1,0.5,0.5,2,1,2,1,1,1,0.5,80,5120,70,490,45,Flower Pokémon,95,1059860,0.4,75,Bellossom,50,182,90,100,50,grass,,5.8,2,0
"['Torrent', 'Shell Armor']",1,1,1,2,1,1,0.5,1,1,2,1,0.5,1,1,1,1,0.5,0.5,55,5120,70,308,45,Sea Otter Pokémon,45,1059860,0.5,55,Oshawott,88.1,501,63,45,45,water,,5.9,5,0
"['Blaze', 'Iron Fist']",0.5,1,1,1,0.5,1,0.5,1,1,0.5,2,0.5,1,1,1,2,0.5,2,58,5120,70,309,45,Chimp Pokémon,44,1059860,0.5,44,Chimchar,88.1,390,58,44,61,fire,,6.2,4,0
"['Sticky Hold', 'Storm Drain', 'Sand Force']",1,1,1,2,1,1,0.5,1,1,2,1,0.5,1,1,1,1,0.5,0.5,48,5120,70,325,190,Sea Slug Pokémon,48,1000000,0.3,76,Shellos,50,422,57,62,34,water,,6.3,4,0
"['Chlorophyll', 'Gluttony']",1,1,1,0.5,0.5,0.5,2,2,1,0.25,1,2,1,1,2,1,1,0.5,90,5120,70,390,120,Flycatcher Pokémon,50,1059860,1,65,Weepinbell,50,70,85,45,55,grass,poison,6.4,1,0
"['Overgrow', 'Leaf Guard']",2,1,1,0.5,1,1,2,2,1,0.5,0.5,2,1,2,1,1,1,0.5,49,5120,70,318,45,Leaf Pokémon,65,1059860,0.9,45,Chikorita,88.1,152,49,65,45,grass,,6.4,2,0
"['Hyper Cutter', 'Shell Armor', 'Sheer Force']",1,1,1,2,1,1,0.5,1,1,2,1,0.5,1,1,1,1,0.5,0.5,105,5120,70,325,225,River Crab Pokémon,90,1000000,0.4,30,Krabby,50,98,25,25,50,water,,6.5,1,0
"['Prankster', 'Infiltrator', 'Chlorophyll']",1,0.5,0,0.5,1,0.5,2,2,1,0.5,0.5,2,1,4,1,1,2,0.5,67,5120,70,480,75,Windveiled Pokémon,85,1000000,0.7,60,Whimsicott,50,547,77,75,116,grass,fairy,6.6,5,0
"['Chlorophyll', 'Own Tempo', 'Leaf Guard']",2,1,1,0.5,1,1,2,2,1,0.5,0.5,2,1,2,1,1,1,0.5,35,5120,70,280,190,Bulb Pokémon,50,1000000,0.5,45,Petilil,0,548,70,50,30,grass,,6.6,5,0
"['Overgrow', 'Chlorophyll']",1,1,1,0.5,0.5,0.5,2,2,1,0.25,1,2,1,1,2,1,1,0.5,49,5120,70,318,45,Seed Pokémon,49,1059860,0.7,45,Bulbasaur,88.1,1,65,65,45,grass,poison,6.9,1,0
"['Swift Swim', 'Storm Drain', 'Water Veil']",1,1,1,2,1,1,0.5,1,1,2,1,0.5,1,1,1,1,0.5,0.5,49,5120,70,330,190,Wing Fish Pokémon,56,600000,0.4,49,Finneon,50,456,49,61,66,water,,7,4,0
"['Torrent', 'Protean']",1,1,1,2,1,1,0.5,1,1,2,1,0.5,1,1,1,1,0.5,0.5,56,5120,70,314,45,Bubble Frog Pokémon,40,1059860,0.3,41,Froakie,88.1,656,62,44,71,water,,7,6,0
"['Swift Swim', 'Oblivious', 'Adaptability']",1,1,1,2,1,1,0.5,1,1,2,1,0.5,1,1,1,1,0.5,0.5,15,5120,70,200,255,Fish Pokémon,20,600000,0.6,20,Feebas,50,349,10,55,80,water,,7.4,3,0
"['Torrent', 'Liquid Voice']",1,1,1,2,1,1,0.5,1,1,2,1,0.5,1,1,1,1,0.5,0.5,54,3840,70,320,45,Sea Lion Pokémon,54,1059860,0.4,50,Popplio,88.1,728,66,56,40,water,,7.5,7,0
"['Torrent', 'Damp']",1,1,1,2,1,1,0.5,1,1,2,1,0.5,1,1,1,1,0.5,0.5,70,5120,70,310,45,Mud Fish Pokémon,50,1059860,0.4,50,Mudkip,88.1,258,50,50,40,water,,7.6,3,0
"['Blaze', 'Flash Fire']",0.5,1,1,1,0.5,1,0.5,1,1,0.5,2,0.5,1,1,1,2,0.5,2,52,5120,70,309,45,Fire Mouse Pokémon,43,1059860,0.5,39,Cyndaquil,88.1,155,60,50,65,fire,,7.9,2,0
"['Swift Swim', 'Sniper', 'Damp']",1,1,1,2,1,1,0.5,1,1,2,1,0.5,1,1,1,1,0.5,0.5,40,5120,70,295,225,Dragon Pokémon,70,1000000,0.4,30,Horsea,50,116,70,25,60,water,,8,1,0
"['Overgrow', 'Contrary']",2,1,1,0.5,1,1,2,2,1,0.5,0.5,2,1,2,1,1,1,0.5,45,5120,70,308,45,Grass Snake Pokémon,55,1059860,0.6,45,Snivy,88.1,495,45,55,63,grass,,8.1,5,0
"['Leaf Guard', 'Oblivious', 'Sweet Veil']",2,1,1,0.5,1,1,2,2,1,0.5,0.5,2,1,2,1,1,1,0.5,40,5120,70,290,120,Fruit Pokémon,48,1059860,0.7,52,Steenee,0,762,40,48,62,grass,,8.2,7,0
['Mega Launcher'],1,1,1,2,1,1,0.5,1,1,2,1,0.5,1,1,1,1,0.5,0.5,53,3840,70,330,225,Water Gun Pokémon,62,1250000,0.5,50,Clauncher,50,692,58,63,44,water,,8.3,6,0
"['Blaze', 'Solar Power']",0.5,1,1,1,0.5,1,0.5,1,1,0.5,2,0.5,1,1,1,2,0.5,2,52,5120,70,309,45,Lizard Pokémon,43,1059860,0.6,39,Charmander,88.1,4,60,50,65,fire,,8.5,1,0
"['Thick Fat', 'Huge Power', 'Sap Sipper']",0.5,0.5,0,2,1,0.5,0.5,1,1,2,1,0.5,1,2,1,1,1,0.5,20,2560,70,250,190,Aquamouse Pokémon,50,800000,0.4,70,Marill,50,183,20,50,40,water,fairy,8.5,2,0
"['Chlorophyll', 'Solar Power', 'Early Bird']",2,1,1,0.5,1,1,2,2,1,0.5,0.5,2,1,2,1,1,1,0.5,75,5120,70,425,120,Sun Pokémon,55,1059860,0.8,75,Sunflora,50,192,105,85,30,grass,,8.5,2,0
"['Damp', 'Water Absorb', 'Unaware']",1,1,1,0,1,1,0.5,1,1,4,1,1,1,0.5,1,0.5,0.5,1,45,5120,70,210,255,Water Fish Pokémon,45,1000000,0.4,55,Wooper,50,194,25,25,15,water,ground,8.5,2,0
"['Chlorophyll', 'Stench']",1,1,1,0.5,0.5,0.5,2,2,1,0.25,1,2,1,1,2,1,1,0.5,65,5120,70,395,120,Weed Pokémon,70,1059860,0.8,60,Gloom,50,44,85,75,40,grass,poison,8.6,1,0
"['Swift Swim', 'Hydration']",1,1,1,2,1,1,0.5,1,1,2,1,0.5,1,1,1,1,0.5,0.5,30,5120,70,330,225,Rendezvous Pokémon,55,800000,0.6,43,Luvdisc,24.6,370,40,65,97,water,,8.7,3,0
"['Torrent', 'Rain Dish']",1,1,1,2,1,1,0.5,1,1,2,1,0.5,1,1,1,1,0.5,0.5,48,5120,70,314,45,Tiny Turtle Pokémon,65,1059860,0.5,44,Squirtle,88.1,7,50,64,43,water,,9,1,0
"['Overgrow', 'Bulletproof']",2,1,1,0.5,1,1,2,2,1,0.5,0.5,2,1,2,1,1,1,0.5,61,5120,70,313,45,Spiky Nut Pokémon,65,1059860,0.4,56,Chespin,88.1,650,48,45,38,grass,,9,6,0
['Flower Gift'],2,1,1,0.5,1,1,2,2,1,0.5,0.5,2,1,2,1,1,1,0.5,60,5120,70,450,75,Blossom Pokémon,70,1000000,0.5,70,Cherrim,50,421,87,78,85,grass,,9.3,4,0
"['Blaze', 'Magician']",0.5,1,1,1,0.5,1,0.5,1,1,0.5,2,0.5,1,1,1,2,0.5,2,45,5120,70,307,45,Fox Pokémon,40,1059860,0.4,40,Fennekin,88.1,653,62,60,60,fire,,9.4,6,0
"['Torrent', 'Sheer Force']",1,1,1,2,1,1,0.5,1,1,2,1,0.5,1,1,1,1,0.5,0.5,65,5120,70,314,45,Big Jaw Pokémon,64,1059860,0.6,50,Totodile,88.1,158,44,48,43,water,,9.5,2,0
"['Keen Eye', 'Hydration', 'Rain Dish']",0.5,1,1,4,1,0.5,0.5,1,1,1,0,1,1,1,1,2,0.5,0.5,30,5120,70,270,190,Seagull Pokémon,30,1000000,0.6,40,Wingull,50,278,55,30,85,water,flying,9.5,3,0
"['Blaze', 'Thick Fat']",0.5,1,1,1,0.5,1,0.5,1,1,0.5,2,0.5,1,1,1,2,0.5,2,63,5120,70,308,45,Fire Pig Pokémon,45,1059860,0.5,65,Tepig,88.1,498,45,45,45,fire,,9.9,5,0
"['Swift Swim', 'Rattled']",1,1,1,2,1,1,0.5,1,1,2,1,0.5,1,1,1,1,0.5,0.5,10,1280,70,200,255,Fish Pokémon,55,1250000,0.9,20,Magikarp,50,129,15,20,80,water,,10,1,0
"['Overgrow', 'Shell Armor']",2,1,1,0.5,1,1,2,2,1,0.5,0.5,2,1,2,1,1,1,0.5,68,5120,70,318,45,Tiny Leaf Pokémon,64,1059860,0.4,55,Turtwig,88.1,387,45,55,31,grass,,10.2,4,0
"['Gluttony', 'Overgrow']",2,1,1,0.5,1,1,2,2,1,0.5,0.5,2,1,2,1,1,1,0.5,53,5120,70,316,190,Grass Monkey Pokémon,48,1000000,0.6,50,Pansage,88.1,511,53,48,64,grass,,10.5,5,0
"['Effect Spore', 'Regenerator']",1,1,1,0.5,0.5,0.5,2,2,1,0.25,1,2,1,1,2,1,1,0.5,85,5120,70,464,75,Mushroom Pokémon,70,1000000,0.6,114,Amoonguss,50,591,85,80,30,grass,poison,10.5,5,0
"['Torrent', 'Protean']",1,1,1,2,1,1,0.5,1,1,2,1,0.5,1,1,1,1,0.5,0.5,63,5120,70,405,45,Bubble Frog Pokémon,52,1059860,0.6,54,Frogadier,88.1,657,83,56,97,water,,10.9,6,0
"['Gluttony', 'Blaze']",0.5,1,1,1,0.5,1,0.5,1,1,0.5,2,0.5,1,1,1,2,0.5,2,53,5120,70,316,190,High Temp Pokémon,48,1000000,0.6,50,Pansear,88.1,513,53,48,64,fire,,11,5,0
"['Hyper Cutter', 'Shell Armor', 'Adaptability']",1,1,1,2,1,1,0.5,1,1,2,1,0.5,1,1,1,1,0.5,0.5,80,3840,70,308,205,Ruffian Pokémon,65,1640000,0.6,43,Corphish,50,341,50,35,35,water,,11.5,3,0
"['Illuminate', 'Effect Spore', 'Rain Dish']",1,0.5,0,0.5,1,0.5,2,2,1,0.5,0.5,2,1,4,1,1,2,0.5,45,5120,70,405,75,Illuminating Pokémon,80,1000000,1,60,Shiinotic,50,756,90,100,30,grass,fairy,11.5,7,0
"['Volt Absorb', 'Illuminate', 'Water Absorb']",1,1,1,1,1,1,0.5,0.5,1,2,2,0.5,1,1,1,1,0.25,0.5,38,5120,70,330,190,Angler Pokémon,38,1250000,0.5,75,Chinchou,50,170,56,56,67,water,electric,12,2,0
"['Hustle', 'Sniper', 'Moody']",1,1,1,2,1,1,0.5,1,1,2,1,0.5,1,1,1,1,0.5,0.5,65,5120,70,300,190,Jet Pokémon,35,1000000,0.6,35,Remoraid,50,223,65,35,65,water,,12,2,0
"['Water Absorb', 'Damp', 'Swift Swim']",1,1,1,2,1,1,0.5,1,1,2,1,0.5,1,1,1,1,0.5,0.5,50,5120,70,300,255,Tadpole Pokémon,40,1059860,0.6,40,Poliwag,50,60,40,40,90,water,,12.4,1,0
"['Overgrow', 'Chlorophyll']",1,1,1,0.5,0.5,0.5,2,2,1,0.25,1,2,1,1,2,1,1,0.5,62,5120,70,405,45,Seed Pokémon,63,1059860,1,60,Ivysaur,88.1,2,80,80,60,grass,poison,13,1,0
"['Gluttony', 'Torrent']",1,1,1,2,1,1,0.5,1,1,2,1,0.5,1,1,1,1,0.5,0.5,53,5120,70,316,190,Spray Pokémon,48,1000000,0.6,50,Panpour,88.1,515,53,48,64,water,,13.5,5,0
"['Rivalry', 'Unnerve', 'Moxie']",0.5,1,1,1,0.5,2,0.5,1,0,0.5,2,0.5,1,1,1,2,0.5,2,50,5120,70,369,220,Lion Cub Pokémon,58,1059860,0.6,62,Litleo,11.2,667,73,54,72,fire,normal,13.5,6,0
"['Natural Cure', 'Poison Point', 'Technician']",1,1,1,0.5,0.5,0.5,2,2,1,0.25,1,2,1,1,2,1,1,0.5,70,5120,70,515,75,Bouquet Pokémon,65,1059860,0.9,60,Roserade,50,407,125,105,90,grass,poison,14.5,4,0
"['Blaze', 'Magician']",0.5,1,1,1,0.5,1,0.5,1,1,0.5,2,0.5,1,1,1,2,0.5,2,59,5120,70,409,45,Fox Pokémon,58,1059860,1,59,Braixen,88.1,654,90,70,73,fire,,14.5,6,0
"['Swift Swim', 'Water Veil', 'Lightningrod']",1,1,1,2,1,1,0.5,1,1,2,1,0.5,1,1,1,1,0.5,0.5,67,5120,70,320,225,Goldfish Pokémon,60,1000000,0.6,45,Goldeen,50,118,35,50,63,water,,15,1,0
"['Chlorophyll', 'Gluttony']",1,1,1,0.5,0.5,0.5,2,2,1,0.25,1,2,1,1,2,1,1,0.5,105,5120,70,490,45,Flycatcher Pokémon,65,1059860,1.7,80,Victreebel,50,71,100,70,70,grass,poison,15.5,1,0
"['Overgrow', 'Leaf Guard']",2,1,1,0.5,1,1,2,2,1,0.5,0.5,2,1,2,1,1,1,0.5,62,5120,70,405,45,Leaf Pokémon,80,1059860,1.2,60,Bayleef,88.1,153,63,80,60,grass,,15.8,2,0
"['Overgrow', 'Contrary']",2,1,1,0.5,1,1,2,2,1,0.5,0.5,2,1,2,1,1,1,0.5,60,5120,70,413,45,Grass Snake Pokémon,75,1059860,0.8,60,Servine,88.1,496,60,75,83,grass,,16,5,0
"['Flame Body', 'Gale Wings']",0.25,1,1,2,0.5,0.5,0.5,1,1,0.25,0,1,1,1,1,4,0.5,2,73,3840,70,382,120,Ember Pokémon,55,1059860,0.7,62,Fletchinder,50,662,56,52,84,fire,flying,16,6,0
"['Overgrow', 'Long Reach']",1,1,1,1,1,0.5,2,2,1,0.25,0,4,1,2,1,2,1,0.5,75,3840,70,420,45,Blade Quill Pokémon,75,1059860,0.7,78,Dartrix,88.1,723,70,70,52,grass,flying,16,7,0
"['Chlorophyll', 'Own Tempo', 'Leaf Guard']",2,1,1,0.5,1,1,2,2,1,0.5,0.5,2,1,2,1,1,1,0.5,60,5120,70,480,75,Flowering Pokémon,75,1000000,1.1,70,Lilligant,0,549,110,75,90,grass,,16.3,5,0
"['Solid Rock', 'Sturdy', 'Swift Swim']",1,1,1,2,1,2,0.25,0.5,1,4,2,0.5,0.5,0.5,1,1,1,1,78,7680,70,355,45,Prototurtle Pokémon,103,1000000,0.7,54,Tirtouga,88.1,564,53,45,22,water,rock,16.5,5,0
"['Swift Swim', 'Hydration', 'Water Absorb']",1,1,1,0,1,1,0.5,1,1,4,1,1,1,0.5,1,0.5,0.5,1,65,5120,70,384,120,Vibration Pokémon,55,1059860,0.8,75,Palpitoad,50,536,65,55,69,water,ground,17,5,0
"['Torrent', 'Liquid Voice']",1,1,1,2,1,1,0.5,1,1,2,1,0.5,1,1,1,1,0.5,0.5,69,3840,70,420,45,Pop Star Pokémon,69,1059860,0.6,60,Brionne,88.1,729,91,81,50,water,,17.5,7,0
"['Reckless', 'Rock Head', 'Adaptability', 'Mold Breaker']",1,1,1,2,1,1,0.5,1,1,2,1,0.5,1,1,1,1,0.5,0.5,92,10240,70,460,25,Hostile Pokémon,65,1000000,1,70,Basculin,50,550,80,55,98,water,,18,5,0
"['Leaf Guard', 'Contrary']",2,1,1,0.5,1,1,2,2,1,0.5,0.5,2,1,2,1,1,1,0.5,105,5120,70,480,75,Bloom Sickle Pokémon,90,1000000,0.9,70,Lurantis,50,754,80,90,45,grass,,18.5,7,0
"['Chlorophyll', 'Effect Spore']",1,1,1,0.5,0.5,0.5,2,2,1,0.25,1,2,1,1,2,1,1,0.5,80,5120,70,490,45,Flower Pokémon,85,1059860,1.2,75,Vileplume,50,45,110,90,50,grass,poison,18.6,1,0
['Iron Barbs'],1,1,0.5,0.5,0.5,2,4,1,1,0.25,1,1,0.5,0,0.5,0.5,0.5,0.5,50,5120,70,305,255,Thorn Seed Pokémon,91,1000000,0.6,44,Ferroseed,50,597,24,86,10,grass,steel,18.8,5,0
"['Blaze', 'Solar Power']",0.5,1,1,1,0.5,1,0.5,1,1,0.5,2,0.5,1,1,1,2,0.5,2,64,5120,70,405,45,Flame Pokémon,58,1059860,1.1,58,Charmeleon,88.1,5,80,65,80,fire,,19,1,0
"['Intimidate', 'Flash Fire', 'Justified']",0.5,1,1,1,0.5,1,0.5,1,1,0.5,2,0.5,1,1,1,2,0.5,2,70,5120,70,350,190,Puppy Pokémon,45,1250000,0.7,55,Growlithe,75.4,58,70,50,60,fire,,19,1,0
"['Blaze', 'Flash Fire']",0.5,1,1,1,0.5,1,0.5,1,1,0.5,2,0.5,1,1,1,2,0.5,2,64,5120,70,405,45,Volcano Pokémon,58,1059860,0.9,58,Quilava,88.1,156,80,65,80,fire,,19,2,0
"['Dazzling', 'Strong Jaw', 'Wonder Skin ']",2,2,1,2,1,0.5,0.5,1,2,2,1,0.5,1,1,0.5,1,0.5,0.5,105,3840,70,475,80,Gnash Teeth Pokémon,70,1000000,0.9,68,Bruxish,50,779,70,70,92,water,psychic,19,7,0
"['Blaze', 'Speed Boost']",0.25,0.5,1,1,1,1,0.5,2,1,0.5,2,0.5,1,1,2,1,0.5,2,85,5120,70,405,45,Young Fowl Pokémon,60,1059860,0.9,60,Combusken,88.1,256,85,60,55,fire,fighting,19.5,3,0
"['Damp', 'Cloud Nine', 'Swift Swim']",1,1,1,2,1,1,0.5,1,1,2,1,0.5,1,1,1,1,0.5,0.5,52,5120,70,320,190,Duck Pokémon,48,1000000,0.8,50,Psyduck,50,54,65,50,55,water,,19.6,1,0
"['Water Absorb', 'Damp', 'Swift Swim']",1,1,1,2,1,1,0.5,1,1,2,1,0.5,1,1,1,1,0.5,0.5,65,5120,70,385,120,Tadpole Pokémon,65,1059860,1,65,Poliwhirl,50,61,50,50,90,water,,20,1,0
"['Rough Skin', 'Speed Boost']",2,0.5,1,2,2,2,0.5,1,0.5,2,1,0.5,1,1,0,1,0.5,0.5,90,5120,35,305,225,Savage Pokémon,20,1250000,0.8,45,Carvanha,50,318,65,20,65,water,dark,20.8,3,0
"['Misty Surge', 'Telepathy']",0.5,0.5,0,2,1,0.5,0.5,1,1,2,1,0.5,1,2,1,1,1,0.5,75,3840,70,570,3,Land Spirit Pokémon,115,1250000,1.3,70,Tapu Fini,,788,95,130,85,water,fairy,21.2,7,1
"['Flame Body', 'Vital Spirit']",0.5,1,1,1,0.5,1,0.5,1,1,0.5,2,0.5,1,1,1,2,0.5,2,75,6400,70,365,45,Live Coal Pokémon,37,1000000,0.7,45,Magby,75.4,240,70,55,83,fire,,21.4,2,0
"['Leaf Guard', 'Queenly Majesty', 'Sweet Veil']",2,1,1,0.5,1,1,2,2,1,0.5,0.5,2,1,2,1,1,1,0.5,120,5120,70,510,45,Fruit Pokémon,98,1059860,1.2,72,Tsareena,0,763,50,98,72,grass,,21.4,7,0
"['Overgrow', 'Unburden']",2,1,1,0.5,1,1,2,2,1,0.5,0.5,2,1,2,1,1,1,0.5,65,5120,70,405,45,Wood Gecko Pokémon,45,1059860,0.9,50,Grovyle,88.1,253,85,65,95,grass,,21.6,3,0
"['Blaze', 'Iron Fist']",0.25,0.5,1,1,1,1,0.5,2,1,0.5,2,0.5,1,1,2,1,0.5,2,78,5120,70,405,45,Playful Pokémon,52,1059860,0.9,64,Monferno,88.1,391,78,52,81,fire,fighting,22,4,0
"['Torrent', 'Rain Dish']",1,1,1,2,1,1,0.5,1,1,2,1,0.5,1,1,1,1,0.5,0.5,63,5120,70,405,45,Turtle Pokémon,80,1059860,1,59,Wartortle,88.1,8,65,80,58,water,,22.5,1,0
"['Volt Absorb', 'Illuminate', 'Water Absorb']",1,1,1,1,1,1,0.5,0.5,1,2,2,0.5,1,1,1,1,0.25,0.5,58,5120,70,460,75,Light Pokémon,58,1250000,1.2,125,Lanturn,50,171,76,76,67,water,electric,22.5,2,0
"['Swift Swim', 'Hydration']",1,1,1,2,1,1,0.5,1,1,2,1,0.5,1,1,1,1,0.5,0.5,84,5120,70,485,60,South Sea Pokémon,105,600000,1.8,55,Gorebyss,50,368,114,75,52,water,,22.6,3,0
"['Torrent', 'Defiant']",1,1,1,2,1,1,0.5,1,1,2,1,0.5,1,1,1,1,0.5,0.5,66,5120,70,405,45,Penguin Pokémon,68,1059860,0.8,64,Prinplup,88.1,394,81,76,50,water,,23,4,0
"['Swift Swim', 'Rock Head', 'Sturdy']",1,1,1,2,1,2,0.25,0.5,1,4,2,0.5,0.5,0.5,1,1,1,1,90,10240,70,485,25,Longevity Pokémon,130,1250000,1,100,Relicanth,88.1,369,45,65,55,water,rock,23.4,3,0
"['Oblivious', 'Anticipation', 'Hydration']",1,1,1,0,1,1,0.5,1,1,4,1,1,1,0.5,1,0.5,0.5,1,78,5120,70,468,75,Whiskers Pokémon,73,1000000,0.9,110,Whiscash,50,340,76,71,60,water,ground,23.6,3,0
"['Oblivious', 'Simple', 'Own Tempo']",0.5,1,1,0,0.5,1,0.5,1,1,1,2,1,1,0.5,1,1,0.5,4,60,5120,70,305,255,Numb Pokémon,40,1000000,0.7,60,Numel,50,322,65,45,35,fire,ground,24,3,0
"['Swift Swim', 'Storm Drain', 'Water Veil']",1,1,1,2,1,1,0.5,1,1,2,1,0.5,1,1,1,1,0.5,0.5,69,5120,70,460,75,Neon Pokémon,76,600000,1.2,69,Lumineon,50,457,69,86,91,water,,24,4,0
"['Keen Eye', 'Big Pecks', 'Hydration']",0.5,1,1,4,1,0.5,0.5,1,1,1,0,1,1,1,1,2,0.5,0.5,87,5120,70,473,45,White Bird Pokémon,63,1000000,1.3,75,Swanna,50,581,87,63,98,water,flying,24.2,5,0
"['Torrent', 'Shell Armor']",1,1,1,2,1,1,0.5,1,1,2,1,0.5,1,1,1,1,0.5,0.5,75,5120,70,413,45,Discipline Pokémon,60,1059860,0.8,75,Dewott,88.1,502,83,60,60,water,,24.5,5,0
"['Flame Body', 'Gale Wings']",0.25,1,1,2,0.5,0.5,0.5,1,1,0.25,0,1,1,1,1,4,0.5,2,81,3840,70,499,45,Scorching Pokémon,71,1059860,1.2,78,Talonflame,50,663,74,69,126,fire,flying,24.5,6,0
"['Poison Point', 'Sniper', 'Damp']",1,1,1,2,1,1,0.5,1,1,2,1,0.5,1,1,1,1,0.5,0.5,65,5120,70,440,75,Dragon Pokémon,95,1000000,1.2,55,Seadra,50,117,95,45,85,water,,25,1,0
"['Flash Fire', 'Guts']",0.5,1,1,1,0.5,1,0.5,1,1,0.5,2,0.5,1,1,1,2,0.5,2,130,8960,70,525,45,Flame Pokémon,60,1000000,0.9,65,Flareon,88.1,136,95,110,65,fire,,25,1,0
"['Torrent', 'Sheer Force']",1,1,1,2,1,1,0.5,1,1,2,1,0.5,1,1,1,1,0.5,0.5,80,5120,70,405,45,Big Jaw Pokémon,80,1059860,1.1,65,Croconaw,88.1,159,59,63,58,water,,25,2,0
"['Blaze', 'Intimidate']",0.5,1,1,1,0.5,1,0.5,1,1,0.5,2,0.5,1,1,1,2,0.5,2,85,3840,70,420,45,Fire Cat Pokémon,50,1059860,0.7,65,Torracat,88.1,726,80,50,90,fire,,25,7,0
"['Leaf Guard', 'Chlorophyll']",2,1,1,0.5,1,1,2,2,1,0.5,0.5,2,1,2,1,1,1,0.5,110,8960,35,525,45,Verdant Pokémon,130,1000000,1,65,Leafeon,88.1,470,60,65,95,grass,,25.5,4,0
"['Swift Swim', 'Water Veil']",1,1,1,2,1,1,0.5,1,1,2,1,0.5,1,1,1,1,0.5,0.5,104,5120,70,485,60,Deep Sea Pokémon,105,600000,1.7,55,Huntail,50,367,94,75,52,water,,27,3,0
['Levitate'],2,1,1,0.5,1,1,2,2,1,0.5,0.5,2,1,2,1,1,1,0.5,100,6400,70,454,200,Bug Catcher Pokémon,72,1250000,1.4,74,Carnivine,50,455,90,72,46,grass,,27,4,0
"['Torrent', 'Damp']",1,1,1,0,1,1,0.5,1,1,4,1,1,1,0.5,1,0.5,0.5,1,85,5120,70,405,45,Mud Fish Pokémon,70,1059860,0.7,70,Marshtomp,88.1,259,60,70,50,water,ground,28,3,0
"['Chlorophyll', 'Early Bird', 'Pickpocket']",4,0.5,1,0.5,2,2,2,2,0.5,0.5,0.5,2,1,2,0,1,1,0.5,70,3840,70,340,120,Wily Pokémon,40,1059860,1,70,Nuzleaf,50,274,60,40,60,grass,dark,28,3,0
"['Keen Eye', 'Drizzle', 'Rain Dish']",0.5,1,1,4,1,0.5,0.5,1,1,1,0,1,1,1,1,2,0.5,0.5,50,5120,70,440,45,Water Bird Pokémon,100,1000000,1.2,60,Pelipper,50,279,95,70,65,water,flying,28,3,0
"['Gluttony', 'Blaze']",0.5,1,1,1,0.5,1,0.5,1,1,0.5,2,0.5,1,1,1,2,0.5,2,98,5120,70,498,75,Ember Pokémon,63,1000000,1,75,Simisear,88.1,514,98,63,101,fire,,28,5,0
"['Water Absorb', 'Chlorophyll', 'Storm Drain']",2,1,1,0.5,1,1,2,2,1,0.5,0.5,2,1,2,1,1,1,0.5,86,5120,70,461,255,Cactus Pokémon,67,1000000,1,75,Maractus,50,556,106,67,60,grass,,28,5,0
"['Thick Fat', 'Huge Power', 'Sap Sipper']",0.5,0.5,0,2,1,0.5,0.5,1,1,2,1,0.5,1,2,1,1,1,0.5,50,2560,70,420,75,Aquarabbit Pokémon,80,800000,0.8,100,Azumarill,50,184,60,80,50,water,fairy,28.5,2,0
"['Suction Cups', 'Sniper', 'Moody']",1,1,1,2,1,1,0.5,1,1,2,1,0.5,1,1,1,1,0.5,0.5,105,5120,70,480,75,Jet Pokémon,75,1000000,0.9,75,Octillery,50,224,105,75,45,water,,28.5,2,0
"['Water Absorb', 'Hydration']",1,1,1,2,1,1,0.5,1,1,2,1,0.5,1,1,1,1,0.5,0.5,65,8960,70,525,45,Bubble Jet Pokémon,60,1000000,1,130,Vaporeon,88.1,134,110,95,65,water,,29,1,0
"['Gluttony', 'Torrent']",1,1,1,2,1,1,0.5,1,1,2,1,0.5,1,1,1,1,0.5,0.5,98,5120,70,498,75,Geyser Pokémon,63,1000000,1,75,Simipour,88.1,516,98,63,101,water,,29,5,0
"['Overgrow', 'Bulletproof']",2,1,1,0.5,1,1,2,2,1,0.5,0.5,2,1,2,1,1,1,0.5,78,5120,70,405,45,Spiny Armor Pokémon,95,1059860,0.7,61,Quilladin,88.1,651,56,58,57,grass,,29,6,0
"['Swift Swim', 'Water Veil']",1,1,1,2,1,1,0.5,1,1,2,1,0.5,1,1,1,1,0.5,0.5,65,5120,70,330,190,Sea Weasel Pokémon,35,1000000,0.7,55,Buizel,50,418,60,30,85,water,,29.5,4,0
"['Sticky Hold', 'Storm Drain', 'Sand Force']",1,1,1,0,1,1,0.5,1,1,4,1,1,1,0.5,1,0.5,0.5,1,83,5120,70,475,75,Sea Slug Pokémon,68,1000000,0.9,111,Gastrodon,50,423,92,82,39,water,ground,29.9,4,0
"['Run Away', 'Flash Fire', 'Flame Body']",0.5,1,1,1,0.5,1,0.5,1,1,0.5,2,0.5,1,1,1,2,0.5,2,85,5120,70,410,190,Fire Horse Pokémon,55,1000000,1,50,Ponyta,50,77,65,65,90,fire,,30,1,0
"['Gluttony', 'Overgrow']",2,1,1,0.5,1,1,2,2,1,0.5,0.5,2,1,2,1,1,1,0.5,98,5120,70,498,75,Thorn Monkey Pokémon,63,1000000,1.1,75,Simisage,88.1,512,98,63,101,grass,,30.5,5,0
"['Sap Sipper', 'Grass Pelt']",2,1,1,0.5,1,1,2,2,1,0.5,0.5,2,1,2,1,1,1,0.5,65,5120,70,350,200,Mount Pokémon,48,1000000,0.9,66,Skiddo,50,672,62,57,52,grass,,31,6,0
"['Healer', 'Hydration', 'Regenerator']",1,1,1,2,1,1,0.5,1,1,2,1,0.5,1,1,1,1,0.5,0.5,75,10240,70,470,75,Caring Pokémon,80,800000,1.2,165,Alomomola,50,594,40,45,65,water,,31.6,5,0
"['Swift Swim', 'Rain Dish', 'Own Tempo']",2,1,1,1,1,1,1,2,1,1,0.5,1,1,2,1,1,0.5,0.25,50,3840,70,340,120,Jolly Pokémon,50,1059860,1.2,60,Lombre,50,271,60,70,50,water,grass,32.5,3,0
"['Hyper Cutter', 'Shell Armor', 'Adaptability']",2,0.5,1,2,2,2,0.5,1,0.5,2,1,0.5,1,1,0,1,0.5,0.5,120,3840,70,468,155,Rogue Pokémon,85,1640000,1.1,63,Crawdaunt,50,342,90,55,55,water,dark,32.8,3,0
"['Water Absorb', 'Cursed Body', 'Damp']",0.5,2,1,2,1,0,0.5,1,2,2,1,0.5,0,0.5,1,1,0.5,0.5,40,5120,70,335,190,Floating Pokémon,50,1000000,1.2,55,Frillish,50,592,65,85,40,water,ghost,33,5,0
"['Swift Swim', 'Water Veil']",1,1,1,2,1,1,0.5,1,1,2,1,0.5,1,1,1,1,0.5,0.5,105,5120,70,495,75,Sea Weasel Pokémon,55,1000000,1.1,85,Floatzel,50,419,85,50,115,water,,33.5,4,0
"['Water Absorb', 'Damp', 'Drizzle']",1,1,1,2,1,1,0.5,1,1,2,1,0.5,1,1,1,1,0.5,0.5,75,5120,70,500,45,Frog Pokémon,75,1059860,1.1,90,Politoed,50,186,90,100,70,water,,33.9,2,0
"['Illuminate', 'Natural Cure', 'Analytic']",1,1,1,2,1,1,0.5,1,1,2,1,0.5,1,1,1,1,0.5,0.5,45,5120,70,340,225,Starshape Pokémon,55,1250000,0.8,30,Staryu,,120,70,55,85,water,,34.5,1,0
"['Chlorophyll', 'Leaf Guard', 'Regenerator']",2,1,1,0.5,1,1,2,2,1,0.5,0.5,2,1,2,1,1,1,0.5,55,5120,70,435,45,Vine Pokémon,115,1000000,1,65,Tangela,50,114,100,40,60,grass,,35,1,0
"['Magma Armor', 'Flame Body', 'Weak Armor']",0.5,1,1,1,0.5,1,0.5,1,1,0.5,2,0.5,1,1,1,2,0.5,2,40,5120,70,250,190,Lava Pokémon,40,1000000,0.7,40,Slugma,50,218,70,40,20,fire,,35,2,0
['Mega Launcher'],1,1,1,2,1,1,0.5,1,1,2,1,0.5,1,1,1,1,0.5,0.5,73,3840,70,500,55,Howitzer Pokémon,88,1250000,1.3,71,Clawitzer,50,693,120,89,59,water,,35.3,6,0
"['Oblivious', 'Own Tempo', 'Regenerator']",2,2,1,2,1,0.5,0.5,1,2,2,1,0.5,1,1,0.5,1,0.5,0.5,65,5120,70,315,190,Dopey Pokémon,65,1000000,1.2,90,Slowpoke,50,79,40,40,15,water,psychic,36,1,0
"['Overgrow', 'Long Reach']",1,2,1,0.5,1,0,2,2,2,0.5,0.5,2,0,1,1,1,1,0.5,107,3840,70,530,45,Arrow Quill Pokémon,75,1059860,1.6,78,Decidueye,88.1,724,100,100,70,grass,ghost,36.6,7,0
"['Hustle', 'Inner Focus']",0.5,1,1,1,0.5,1,0.5,1,1,0.5,2,0.5,1,1,1,2,0.5,2,90,5120,70,315,120,Zen Charm Pokémon,45,1059860,0.6,70,Darumaka,50,554,15,45,50,fire,,37.5,5,0
"['Swift Swim', 'Water Veil', 'Lightningrod']",1,1,1,2,1,1,0.5,1,1,2,1,0.5,1,1,1,1,0.5,0.5,92,5120,70,450,60,Goldfish Pokémon,65,1000000,1.3,80,Seaking,50,119,65,80,68,water,,39,1,0
"['Blaze', 'Magician']",1,2,1,1,0.5,0.5,0.5,1,2,0.5,2,0.5,1,1,0.5,2,0.5,2,69,5120,70,534,45,Fox Pokémon,72,1059860,1.5,75,Delphox,88.1,655,114,100,104,fire,psychic,39,6,0
"['Effect Spore', 'Poison Heal', 'Technician']",1,0.5,1,0.5,2,1,2,4,1,0.5,0.5,2,1,2,2,0.5,1,0.5,130,3840,70,460,90,Mushroom Pokémon,80,1640000,1.2,60,Breloom,50,286,60,60,70,grass,fighting,39.2,3,0
"['Torrent', 'Protean', 'Battle Bond']",2,0.5,1,2,2,2,0.5,1,0.5,2,1,0.5,1,1,0,1,0.5,0.5,145,5120,70,640,45,Ninja Pokémon,67,1059860,1.5,72,Greninja,88.1,658,153,71,132,water,dark,40,6,0
"['Torrent', 'Liquid Voice']",0.5,0.5,0,2,1,0.5,0.5,1,1,2,1,0.5,1,2,1,1,1,0.5,74,3840,70,530,45,Soloist Pokémon,74,1059860,1.8,80,Primarina,88.1,730,126,116,60,water,fairy,44,7,0
"['Flame Body', 'Vital Spirit']",0.5,1,1,1,0.5,1,0.5,1,1,0.5,2,0.5,1,1,1,2,0.5,2,95,6400,70,495,45,Spitfire Pokémon,57,1000000,1.3,65,Magmar,75.4,126,100,85,93,fire,,44.5,1,0
"['Clear Body', 'Liquid Ooze', 'Rain Dish']",0.5,1,1,2,0.5,0.5,0.5,1,1,1,2,0.5,1,0.5,2,1,0.5,0.5,40,5120,70,335,190,Jellyfish Pokémon,35,1250000,0.9,40,Tentacool,50,72,50,100,70,water,poison,45.5,1,0
"['Grassy Surge', 'Telepathy']",1,0.5,0,0.5,1,0.5,2,2,1,0.5,0.5,2,1,4,1,1,2,0.5,130,3840,70,570,3,Land Spirit Pokémon,115,1250000,1.9,70,Tapu Bulu,,787,85,95,75,grass,fairy,45.5,7,1
['Justified'],0.5,0.5,1,2,2,1,0.5,2,1,2,1,0.5,1,1,2,0.5,0.5,0.5,72,20480,35,580,3,Colt Pokémon,90,1250000,1.4,91,Keldeo,,647,129,90,108,water,fighting,48.5,5,1
"['Snow Warning', 'Soundproof']",2,1,1,0.5,1,2,4,2,1,0.5,0.5,1,1,2,1,2,2,0.5,62,5120,70,334,120,Frosted Tree Pokémon,50,1250000,1,60,Snover,50,459,62,60,40,grass,ice,50.5,4,0
"['Sand Veil', 'Water Absorb']",2,1,1,0.5,1,1,2,2,1,0.5,0.5,2,1,2,1,1,1,0.5,85,5120,35,335,190,Cactus Pokémon,40,1059860,0.4,50,Cacnea,50,331,85,40,35,grass,,51.3,3,0
"['Blaze', 'Speed Boost']",0.25,0.5,1,1,1,1,0.5,2,1,0.5,2,0.5,1,1,2,1,0.5,2,160,5120,70,630,45,Blaze Pokémon,80,1059860,1.9,80,Blaziken,88.1,257,130,80,100,fire,fighting,52,3,0
"['Overgrow', 'Unburden']",2,1,1,0.5,1,1,2,2,1,0.5,0.5,2,1,2,1,1,1,0.5,110,5120,70,630,45,Forest Pokémon,75,1059860,1.7,70,Sceptile,88.1,254,145,85,145,grass,,52.2,3,0
"['Shell Armor', 'Rattled']",1,1,1,2,1,1,0.5,1,1,2,1,0.5,1,1,1,1,0.5,0.5,64,5120,70,345,255,Bivalve Pokémon,85,600000,0.4,35,Clamperl,50,366,74,55,32,water,,52.5,3,0
"['Water Absorb', 'Damp', 'Swift Swim']",0.5,0.5,1,2,2,1,0.5,2,1,2,1,0.5,1,1,2,0.5,0.5,0.5,95,5120,70,510,45,Tadpole Pokémon,95,1059860,1.3,90,Poliwrath,50,62,70,90,70,water,fighting,54,1,0
"['Clear Body', 'Liquid Ooze', 'Rain Dish']",0.5,1,1,2,0.5,0.5,0.5,1,1,1,2,0.5,1,0.5,2,1,0.5,0.5,70,5120,70,515,60,Jellyfish Pokémon,65,1250000,1.6,80,Tentacruel,50,73,80,120,100,water,poison,55,1,0
"['Magma Armor', 'Flame Body', 'Weak Armor']",0.5,1,1,1,0.5,2,0.25,0.5,1,1,4,0.5,0.5,0.5,1,2,1,4,50,5120,70,430,75,Lava Pokémon,120,1000000,0.8,60,Magcargo,50,219,90,80,30,fire,rock,55,2,0
"['Swift Swim', 'Rain Dish', 'Own Tempo']",2,1,1,1,1,1,1,2,1,1,0.5,1,1,2,1,1,0.5,0.25,70,3840,70,480,45,Carefree Pokémon,70,1059860,1.5,80,Ludicolo,50,272,90,100,70,water,grass,55,3,0
"['Blaze', 'Iron Fist']",0.25,0.5,1,1,1,1,0.5,2,1,0.5,2,0.5,1,1,2,1,0.5,2,104,5120,70,534,45,Flame Pokémon,71,1059860,1.2,76,Infernape,88.1,392,104,71,108,fire,fighting,55,4,0
"['Blaze', 'Thick Fat']",0.25,0.5,1,1,1,1,0.5,2,1,0.5,2,0.5,1,1,2,1,0.5,2,93,5120,70,418,45,Fire Pig Pokémon,55,1059860,1,90,Pignite,88.1,499,70,55,55,fire,fighting,55.5,5,0
"['Gluttony', 'Flash Fire', 'White Smoke']",0.5,1,1,1,0.5,1,0.5,1,1,0.5,2,0.5,1,1,1,2,0.5,2,97,5120,70,484,90,Anteater Pokémon,66,1000000,1.4,85,Heatmor,50,631,105,66,65,fire,,58,5,0
"['Chlorophyll', 'Early Bird', 'Pickpocket']",4,0.5,1,0.5,2,2,2,2,0.5,0.5,0.5,2,1,2,0,1,1,0.5,100,3840,70,480,45,Wickid Pokémon,60,1059860,1.3,90,Shiftry,50,275,90,60,80,grass,dark,59.6,3,0
"['Hyper Cutter', 'Shell Armor', 'Sheer Force']",1,1,1,2,1,1,0.5,1,1,2,1,0.5,1,1,1,1,0.5,0.5,130,5120,70,475,60,Pincer Pokémon,115,1000000,1.3,55,Kingler,50,99,50,50,75,water,,60,1,0
"['Pressure', 'Flame Body']",0.25,1,1,2,0.5,0.5,0.5,1,1,0.25,0,1,1,1,1,4,0.5,2,100,20480,35,580,3,Flame Pokémon,90,1250000,2,90,Moltres,,146,125,85,90,fire,flying,60,1,1
"['Swift Swim', 'Poison Touch', 'Water Absorb']",1,1,1,0,1,1,0.5,1,1,4,1,1,1,0.5,1,0.5,0.5,1,95,5120,70,509,45,Vibration Pokémon,75,1059860,1.5,105,Seismitoad,50,537,85,75,74,water,ground,62,5,0
"['Overgrow', 'Contrary']",2,1,1,0.5,1,1,2,2,1,0.5,0.5,2,1,2,1,1,1,0.5,75,5120,70,528,45,Regal Pokémon,95,1059860,3.3,75,Serperior,88.1,497,75,95,113,grass,,63,5,0
"['Swift Swim', 'Water Absorb', 'Water Veil']",0.5,1,1,4,1,0.5,0.5,1,1,1,0,1,1,1,1,2,0.5,0.5,20,6400,70,345,25,Kite Pokémon,50,1250000,1,45,Mantyke,50,458,60,120,50,water,flying,65,4,0
"['Flame Body', 'Vital Spirit']",0.5,1,1,1,0.5,1,0.5,1,1,0.5,2,0.5,1,1,1,2,0.5,2,95,6400,70,540,30,Blast Pokémon,67,1000000,1.6,75,Magmortar,75.4,467,125,95,83,fire,,68,4,0
"['Damp', 'Water Absorb', 'Unaware']",1,1,1,0,1,1,0.5,1,1,4,1,1,1,0.5,1,0.5,0.5,1,85,5120,70,430,90,Water Fish Pokémon,85,1000000,1.4,95,Quagsire,50,195,65,65,35,water,ground,75,2,0
"['Damp', 'Cloud Nine', 'Swift Swim']",1,1,1,2,1,1,0.5,1,1,2,1,0.5,1,1,1,1,0.5,0.5,82,5120,70,500,75,Duck Pokémon,78,1000000,1.7,80,Golduck,50,55,95,80,85,water,,76.6,1,0
"['Sand Veil', 'Water Absorb']",4,0.5,1,0.5,2,2,2,2,0.5,0.5,0.5,2,1,2,0,1,1,0.5,115,5120,35,475,60,Scarecrow Pokémon,60,1059860,1.3,70,Cacturne,50,332,115,60,55,grass,dark,77.4,3,0
"['Oblivious', 'Own Tempo', 'Regenerator']",2,2,1,2,1,0.5,0.5,1,2,2,1,0.5,1,1,0.5,1,0.5,0.5,75,5120,70,590,75,Hermit Crab Pokémon,180,1000000,1.6,95,Slowbro,50,80,130,80,30,water,psychic,78.5,1,0
"['Blaze', 'Flash Fire']",0.5,1,1,1,0.5,1,0.5,1,1,0.5,2,0.5,1,1,1,2,0.5,2,84,5120,70,534,45,Volcano Pokémon,78,1059860,1.7,78,Typhlosion,88.1,157,109,85,100,fire,,79.5,2,0
"['Oblivious', 'Own Tempo', 'Regenerator']",2,2,1,2,1,0.5,0.5,1,2,2,1,0.5,1,1,0.5,1,0.5,0.5,75,5120,70,490,70,Royal Pokémon,80,1000000,2,95,Slowking,50,199,100,110,30,water,psychic,79.5,2,0
"['Illuminate', 'Natural Cure', 'Analytic']",2,2,1,2,1,0.5,0.5,1,2,2,1,0.5,1,1,0.5,1,0.5,0.5,75,5120,70,520,60,Mysterious Pokémon,85,1250000,1.1,60,Starmie,,121,100,85,115,water,psychic,80,1,0
"['White Smoke', 'Drought', 'Shell Armor']",0.5,1,1,1,0.5,1,0.5,1,1,0.5,2,0.5,1,1,1,2,0.5,2,85,5120,70,470,90,Coal Pokémon,140,1000000,0.5,70,Torkoal,50,324,85,70,20,fire,,80.4,3,0
"['Solid Rock', 'Sturdy', 'Swift Swim']",1,1,1,2,1,2,0.25,0.5,1,4,2,0.5,0.5,0.5,1,1,1,1,108,7680,70,495,45,Prototurtle Pokémon,133,1000000,1.2,74,Carracosta,88.1,565,83,65,32,water,rock,81,5,0
"['Rivalry', 'Unnerve', 'Moxie']",0.5,1,1,1,0.5,2,0.5,1,0,0.5,2,0.5,1,1,1,2,0.5,2,68,5120,70,507,65,Royal Pokémon,72,1059860,1.5,86,Pyroar,11.2,668,109,66,106,fire,normal,81.5,6,0
"['Torrent', 'Damp']",1,1,1,0,1,1,0.5,1,1,4,1,1,1,0.5,1,0.5,0.5,1,150,5120,70,635,45,Mud Fish Pokémon,110,1059860,1.5,100,Swampert,88.1,260,95,110,70,water,ground,81.9,3,0
"['Water Bubble', 'Water Absorb']",1,1,1,2,1,0.5,1,2,1,1,0.5,0.5,1,1,1,2,0.5,0.5,70,3840,70,454,100,Water Bubble Pokémon,92,1000000,1.8,68,Araquanid,50,752,50,132,42,water,bug,82,7,0
"['Blaze', 'Intimidate']",1,0.5,1,1,1,2,0.5,1,0.5,0.5,2,0.5,1,1,0,2,0.5,2,115,3840,70,530,45,Heel Pokémon,90,1059860,1.8,95,Incineroar,88.1,727,80,90,60,fire,dark,83,7,0
"['Torrent', 'Defiant']",0.5,1,0.5,2,0.5,2,1,0.5,1,1,2,0.25,0.5,0,0.5,0.5,0.25,0.5,86,5120,70,530,45,Emperor Pokémon,88,1059860,1.7,84,Empoleon,88.1,395,111,101,60,water,steel,84.5,4,0
"['Torrent', 'Rain Dish']",1,1,1,2,1,1,0.5,1,1,2,1,0.5,1,1,1,1,0.5,0.5,103,5120,70,630,45,Shellfish Pokémon,120,1059860,1.6,79,Blastoise,88.1,9,135,115,78,water,,85.5,1,0
"['Torrent', 'Sheer Force']",1,1,1,2,1,1,0.5,1,1,2,1,0.5,1,1,1,1,0.5,0.5,105,5120,70,530,45,Big Jaw Pokémon,100,1059860,2.3,85,Feraligatr,88.1,160,79,83,78,water,,88.8,2,0
"['Rough Skin', 'Speed Boost']",2,0.5,1,2,2,2,0.5,1,0.5,2,1,0.5,1,1,0,1,0.5,0.5,140,5120,35,560,60,Brutal Pokémon,70,1250000,1.8,70,Sharpedo,50,319,110,65,105,water,dark,88.8,3,0
"['Thick Fat', 'Hydration', 'Ice Body']",1,1,1,2,1,1,0.5,1,1,2,1,0.5,1,1,1,1,0.5,0.5,45,5120,70,325,190,Sea Lion Pokémon,55,1000000,1.1,65,Seel,50,86,45,70,45,water,,90,1,0
"['Overgrow', 'Bulletproof']",1,0.5,1,0.5,2,1,2,4,1,0.5,0.5,2,1,2,2,0.5,1,0.5,107,5120,70,530,45,Spiny Armor Pokémon,122,1059860,1.6,88,Chesnaught,88.1,652,74,75,64,grass,fighting,90,6,0
"['Blaze', 'Solar Power']",0.25,1,1,2,0.5,0.5,0.5,1,1,0.25,0,1,1,1,1,4,0.5,2,104,5120,70,634,45,Flame Pokémon,78,1059860,1.7,78,Charizard,88.1,6,159,115,100,fire,flying,90.5,1,0
"['Sap Sipper', 'Grass Pelt']",2,1,1,0.5,1,1,2,2,1,0.5,0.5,2,1,2,1,1,1,0.5,100,5120,70,531,45,Mount Pokémon,62,1000000,1.7,123,Gogoat,50,673,97,81,68,grass,,91,6,0
"['Sheer Force', 'Zen Mode']",0.5,1,1,1,0.5,1,0.5,1,1,0.5,2,0.5,1,1,1,2,0.5,2,30,5120,70,540,60,Blazing Pokémon,105,1059860,1.3,105,Darmanitan,50,555,140,105,55,fire,fire,92.9,5,0
"['Torrent', 'Shell Armor']",1,1,1,2,1,1,0.5,1,1,2,1,0.5,1,1,1,1,0.5,0.5,100,5120,70,528,45,Formidable Pokémon,85,1059860,1.5,95,Samurott,88.1,503,108,70,70,water,,94.6,5,0
"['Run Away', 'Flash Fire', 'Flame Body']",0.5,1,1,1,0.5,1,0.5,1,1,0.5,2,0.5,1,1,1,2,0.5,2,100,5120,70,500,60,Fire Horse Pokémon,70,1000000,1.7,65,Rapidash,50,78,80,80,105,fire,,95,1,0
"['Overgrow', 'Shell Armor']",2,1,1,0.5,1,1,2,2,1,0.5,0.5,2,1,2,1,1,1,0.5,89,5120,70,405,45,Grove Pokémon,85,1059860,1.1,75,Grotle,88.1,388,55,65,36,grass,,97,4,0
"['Overgrow', 'Chlorophyll']",1,1,1,0.5,0.5,0.5,2,2,1,0.25,1,2,1,1,2,1,1,0.5,100,5120,70,625,45,Seed Pokémon,123,1059860,2,80,Venusaur,88.1,3,122,120,80,grass,poison,100,1,0
"['Chlorophyll', 'Solar Power', 'Harvest']",1,1,1,1,1,0.5,2,2,1,0.25,0,4,1,2,1,2,1,0.5,68,6400,70,460,200,Fruit Pokémon,83,1250000,2,99,Tropius,50,357,72,87,51,grass,flying,100,3,0
"['Overgrow', 'Leaf Guard']",2,1,1,0.5,1,1,2,2,1,0.5,0.5,2,1,2,1,1,1,0.5,82,5120,70,525,45,Herb Pokémon,100,1059860,1.8,80,Meganium,88.1,154,83,100,80,grass,,100.5,2,0
"['Iron Barbs', 'Anticipation']",1,1,0.5,0.5,0.5,2,4,1,1,0.25,1,1,0.5,0,0.5,0.5,0.5,0.5,94,5120,70,489,90,Thorn Pod Pokémon,131,1000000,1,74,Ferrothorn,50,598,54,116,20,grass,steel,110,5,0
"['Thick Fat', 'Hydration', 'Ice Body']",1,1,1,2,1,2,1,1,1,2,1,0.25,1,1,1,2,1,0.5,70,5120,70,475,75,Sea Lion Pokémon,80,1000000,1.7,90,Dewgong,50,87,70,95,70,water,ice,120,1,0
"['Chlorophyll', 'Leaf Guard', 'Regenerator']",2,1,1,0.5,1,1,2,2,1,0.5,0.5,2,1,2,1,1,1,0.5,100,5120,70,535,30,Vine Pokémon,125,1000000,2,100,Tangrowth,50,465,110,50,50,grass,,128.6,4,0
"['Water Veil', 'Oblivious', 'Pressure']",1,1,1,2,1,1,0.5,1,1,2,1,0.5,1,1,1,1,0.5,0.5,70,10240,70,400,125,Ball Whale Pokémon,35,1640000,2,130,Wailmer,50,320,70,35,60,water,,130,3,0
"['Shell Armor', 'Skill Link', 'Overcoat']",1,1,1,2,1,2,1,1,1,2,1,0.25,1,1,1,2,1,0.5,95,5120,70,525,60,Bivalve Pokémon,180,1250000,1.5,50,Cloyster,50,91,85,45,70,water,ice,132.5,1,0
"['Water Absorb', 'Cursed Body', 'Damp']",0.5,2,1,2,1,0,0.5,1,2,2,1,0.5,0,0.5,1,1,0.5,0.5,60,5120,70,480,60,Floating Pokémon,70,1000000,2.2,100,Jellicent,50,593,85,105,60,water,ghost,135,5,0
"['Snow Warning', 'Soundproof']",2,1,1,0.5,1,2,4,2,1,0.5,0.5,1,1,2,1,2,2,0.5,132,5120,70,594,60,Frosted Tree Pokémon,105,1250000,2.2,90,Abomasnow,50,460,132,105,30,grass,ice,135.5,4,0
"['Blaze', 'Reckless']",0.25,0.5,1,1,1,1,0.5,2,1,0.5,2,0.5,1,1,2,1,0.5,2,123,5120,70,528,45,Mega Fire Pig Pokémon,65,1059860,1.6,110,Emboar,88.1,500,100,65,65,fire,fighting,150,5,0
"['Swift Swim', 'Sniper', 'Damp']",1,1,2,1,2,1,0.25,1,1,1,1,1,1,1,1,1,0.5,0.25,95,5120,70,540,45,Dragon Pokémon,95,1000000,1.8,75,Kingdra,50,230,95,95,85,water,dragon,152,2,0
"['Intimidate', 'Flash Fire', 'Justified']",0.5,1,1,1,0.5,1,0.5,1,1,0.5,2,0.5,1,1,1,2,0.5,2,110,5120,70,555,75,Legendary Pokémon,80,1250000,1.9,90,Arcanine,75.4,59,100,80,95,fire,,155,1,0
"['Marvel Scale', 'Competitive', 'Cute Charm']",1,1,1,2,1,1,0.5,1,1,2,1,0.5,1,1,1,1,0.5,0.5,60,5120,70,540,60,Tender Pokémon,79,600000,6.2,95,Milotic,50,350,100,125,81,water,,162,3,0
"['Pressure', 'Inner Focus']",1,1,1,2,1,1,0.5,1,1,2,1,0.5,1,1,1,1,0.5,0.5,75,20480,35,580,3,Aurora Pokémon,115,1250000,2,100,Suicune,,245,90,115,85,water,,187,2,1
['Water Absorb'],0.5,1,1,2,0.5,1,0.25,1,1,1,2,0.25,1,1,1,2,0.25,1,110,30720,100,600,3,Steam Pokémon,120,1250000,1.7,80,Volcanion,,721,130,90,70,fire,water,195,6,1
"['Pressure', 'Inner Focus']",0.5,1,1,1,0.5,1,0.5,1,1,0.5,2,0.5,1,1,1,2,0.5,2,115,20480,35,580,3,Volcano Pokémon,85,1250000,2.1,115,Entei,,244,90,75,100,fire,,198,2,1
"['Pressure', 'Regenerator']",0.25,1,1,2,0.5,0.5,0.5,1,1,0.25,0,1,1,1,1,4,0.5,2,130,30720,0,680,3,Rainbow Pokémon,90,1250000,3.8,106,Ho-Oh,,250,110,154,90,fire,flying,199,2,1
['Justified'],1,0.5,1,0.5,2,1,2,4,1,0.5,0.5,2,1,2,2,0.5,1,0.5,90,20480,35,580,3,Grassland Pokémon,72,1250000,2,91,Virizion,,640,90,129,108,grass,fighting,200,5,1
['Shell Armor'],0.5,1,2,0.5,1,1,0.25,1,1,0.25,2,1,1,1,1,2,0.5,1,78,5120,70,485,70,Blast Turtle Pokémon,135,1000000,2,60,Turtonator,50,776,91,85,36,fire,dragon,212,7,0
"['Water Absorb', 'Shell Armor', 'Hydration']",1,1,1,2,1,2,1,1,1,2,1,0.25,1,1,1,2,1,0.5,85,10240,70,535,45,Transport Pokémon,80,1250000,2.5,130,Lapras,50,131,85,95,60,water,ice,220,1,0
"['Swift Swim', 'Water Absorb', 'Water Veil']",0.5,1,1,4,1,0.5,0.5,1,1,1,0,1,1,1,1,2,0.5,0.5,40,6400,70,485,25,Kite Pokémon,70,1250000,2.1,85,Mantine,50,226,80,140,70,water,flying,220,2,0
"['Magma Armor', 'Solid Rock', 'Anger Point']",0.5,1,1,0,0.5,1,0.5,1,1,1,2,1,1,0.5,1,1,0.5,4,120,5120,70,560,150,Eruption Pokémon,100,1000000,1.9,70,Camerupt,50,323,145,105,20,fire,ground,220,3,0
"['Intimidate', 'Moxie']",0.5,1,1,4,1,0.5,0.5,1,1,1,0,1,1,1,1,2,0.5,0.5,155,1280,70,640,45,Atrocious Pokémon,109,1250000,6.5,95,Gyarados,50,130,70,130,81,water,flying,235,1,0
"['Overgrow', 'Shell Armor']",2,1,1,0,1,1,2,2,1,1,0.5,4,1,1,1,0.5,1,1,109,5120,70,525,45,Continent Pokémon,105,1059860,2.2,95,Torterra,88.1,389,75,85,56,grass,ground,310,4,0
"['Pressure', 'Telepathy']",1,1,2,1,2,1,0.25,1,1,1,1,1,1,1,1,1,0.5,0.25,120,30720,0,680,3,Spatial Pokémon,100,1250000,4.2,90,Palkia,,484,150,120,100,water,dragon,336,4,1
['Drizzle'],1,1,1,2,1,1,0.5,1,1,2,1,0.5,1,1,1,1,0.5,0.5,150,30720,0,770,3,Sea Basin Pokémon,90,1250000,4.5,100,Kyogre,,382,180,160,90,water,,352,3,1
"['Water Veil', 'Oblivious', 'Pressure']",1,1,1,2,1,1,0.5,1,1,2,1,0.5,1,1,1,1,0.5,0.5,90,10240,70,500,60,Float Whale Pokémon,45,1640000,14.5,170,Wailord,50,321,90,45,60,water,,398,3,0
"['Flash Fire', 'Flame Body']",0.25,1,0.5,1,0.25,2,1,0.5,1,0.25,4,0.25,0.5,0,0.5,1,0.25,2,90,2560,100,600,3,Lava Dome Pokémon,106,1250000,1.7,91,Heatran,50,485,130,106,77,fire,steel,430,4,1
